step,group,action,crane,material,reason,risk,after,next_check,source,status
01,Site controls,"Survey boundaries, utilities and retained trees; install approved protection and access controls.",None,None,Prevent setup on an unverified support area or protected feature.,"HOLD: tree identity, ROW rights, buried/overhead services and exclusion limits.",Protected limits and access are established.,Prove excavation and delivery access do not conflict.,A1.0 p15; C2.0 p75; ER-1 p90; L1.01 p98,ASSUMED
02,Substructure,"Complete engineered shoring, excavation, mat, basement walls and support system.",Separate plan,Separate schedule,Provide the designed support before superstructure erection.,HOLD: excavation surcharge; shoring design and staged removal.,Basement and mat exist; car-lift voids remain controlled openings.,Confirm embeds and support elevations against released drawings.,S0.1 p47; S1.0-S1.1 pp49-50; S1 p182,ASSUMED
03,Equipment interfaces,Resolve automated-parking and electrical equipment installation routes before restricting openings.,Separate plan,Vendor packages,Large equipment cannot be assumed to pass through finished personnel openings.,HOLD: deferred parking equipment; delivery dimensions; transformer access.,Reserved vendor routes are documented and protected.,Confirm first-floor work will not trap equipment or close required access.,A1.1 p16; QA sheets pp177-181; joint trench p215,ASSUMED
04,First-floor release,"Accept supporting slab/frame, anchors, protected access and approved erection stability plan.",A candidate,First floor kits,Release only a checked working surface and a defined temporary load path.,"HOLD: slab strength, storage loading, crane reactions and full lift envelope.",First-floor survey and staged support prerequisites are accepted.,"Confirm first wall group can be landed, connected and braced.",S0.1 p47; S1.1-S1.2 pp50-51,ASSUMED
05,L1 - Neighbor-side rear: Bike room / unit 105 side,Erect required steel/supports and CFS as an approved stable cell; place large internals before its last enclosing return.,A,L1-G1 kit; cube TBD,Start at the far rear with an approved stable corner and returns; no later low-level transfer behind it.,"High: far reach, adjacent property, initial stability and edge protection.",Far rear group is stabilized; middle/front and overhead receiving areas remain open.,Check next group landing and rigging rotation clear of the new rear returns.,A1.1 p16; S1.2 p51,ASSUMED
06,L1 - Neighbor-side middle: Units 104-102 side,Erect required steel/supports and CFS as an approved stable cell; place large internals before its last enclosing return.,A,L1-G2 kit; cube TBD,Continue the far side while the overhead delivery route and central corridor are open.,High: large internal pieces can be trapped by top framing or completed near walls.,Far middle group is stabilized; near middle receiving slot remains open.,Check all large middle-cell internals are installed before its near-side closure.,A1.1 p16; S1.2 p51,ASSUMED
07,L1 - Jordan-side middle: Units 107-108 side,Erect required steel/supports and CFS as an approved stable cell; place large internals before its last enclosing return.,A,L1-G3 kit; cube TBD,Complete the middle near side only after its far-side kit and internal large pieces are in place.,High: connecting faces and long-panel rotation require a verified envelope.,Middle cell is bounded; rear near-side receiving slot remains open.,Check the rear group arrives from above without passing through the completed middle cell.,A1.1 p16; S1.2 p51,ASSUMED
08,L1 - Jordan-side rear: Electrical / trash / 106 / stair 01,Erect required steel/supports and CFS as an approved stable cell; place large internals before its last enclosing return.,A,L1-G4 kit; cube TBD,Finish the rear sector before relocation; protect rear equipment routes and stair access.,High: stair/equipment routes; local rear closure only after kit reconciliation.,Rear/middle sector is complete and stable for the planned crane move.,"Verify B setup or A full coverage, public controls and forward cell stability before front lifts.",A1.1 p16; S1.2 p51,ASSUMED
09,L1 - Neighbor-side frontage: Unit 101 frontage,Erect required steel/supports and CFS as an approved stable cell; place large internals before its last enclosing return.,A or B,L1-G5 kit; cube TBD,"From the verified front setup, land the remaining far-side frontage group before the near front closes.","High: front reach, neighboring edge and public El Camino frontage.",Far front is complete; near front and core receiving space remain open.,"Check shaft pieces, stair members and front internals fit before closing the near-front return.",A1.1 p16; S1.2 p51,ASSUMED
10,L1 - Jordan-side frontage / core: Lobby / public rooms / stair 02 / elevators,Erect required steel/supports and CFS as an approved stable cell; place large internals before its last enclosing return.,A or B,L1-G6 kit; cube TBD,Complete the front core interfaces and near-side returns last; lower trapped pieces before final closure.,High: shaft/stair interfaces and final crane-delivered wall closure.,Crane-delivered wall groups are complete; no remaining large pieces may depend on closed side access.,"Reconcile every kit; any missing trapped item requires reordering before closure, not improvisation.",A1.1 p16; S1.2 p51,ASSUMED
11,L1 - Residual partitions / closure check,Complete remaining non-loadbearing partitions and connections; verify all lift-dependent components and access closures.,A or B as released,L1-G7 kit; cube TBD,Clear all items that would become trapped under the next deck.,"High: shop-panel inventory, connection access and maintained egress.",All wall groups and pre-deck large internals are reconciled.,Verify no missing panel or connection face will be covered by joists/deck.,A1.1 p16; S1.2 p51,ASSUMED
12,L1 - Overhead framing / floor release,"Complete required joists, blocking, diaphragms and inspections in approved cells; authorize the next working level.",A or B as released,L1-G8 framing kit; cube TBD,Close overhead receiving space only after that cell passes its pre-deck check.,"HOLD: diaphragm/temporary bracing, support reactions, load capacity and deck-system RFI-02.",The receiving route from above is closed in released cells; next deck is an accepted work surface.,Reset crane coverage for the next level; do not advance an unreleased upper story.,A1.1 p16; S1.2 p51,ASSUMED
13,L2 - Neighbor-side rear: Units 206-205 side,Erect required steel/supports and CFS as an approved stable cell; place large internals before its last enclosing return.,A,L2-G1 kit; cube TBD,Start at the far rear with an approved stable corner and returns; no later low-level transfer behind it.,"High: far reach, adjacent property, initial stability and edge protection.",Far rear group is stabilized; middle/front and overhead receiving areas remain open.,Check next group landing and rigging rotation clear of the new rear returns.,A1.2 p18; S1.3 p52,ASSUMED
14,L2 - Neighbor-side middle: Units 204-202 side,Erect required steel/supports and CFS as an approved stable cell; place large internals before its last enclosing return.,A,L2-G2 kit; cube TBD,Continue the far side while the overhead delivery route and central corridor are open.,High: large internal pieces can be trapped by top framing or completed near walls.,Far middle group is stabilized; near middle receiving slot remains open.,Check all large middle-cell internals are installed before its near-side closure.,A1.2 p18; S1.3 p52,ASSUMED
15,L2 - Jordan-side middle: Units 209-210 side,Erect required steel/supports and CFS as an approved stable cell; place large internals before its last enclosing return.,A,L2-G3 kit; cube TBD,Complete the middle near side only after its far-side kit and internal large pieces are in place.,High: connecting faces and long-panel rotation require a verified envelope.,Middle cell is bounded; rear near-side receiving slot remains open.,Check the rear group arrives from above without passing through the completed middle cell.,A1.2 p18; S1.3 p52,ASSUMED
16,L2 - Jordan-side rear: Units 207-208 / stair 01,Erect required steel/supports and CFS as an approved stable cell; place large internals before its last enclosing return.,A,L2-G4 kit; cube TBD,Finish the rear sector before relocation; protect rear equipment routes and stair access.,High: stair/equipment routes; local rear closure only after kit reconciliation.,Rear/middle sector is complete and stable for the planned crane move.,"Verify B setup or A full coverage, public controls and forward cell stability before front lifts.",A1.2 p18; S1.3 p52,ASSUMED
17,L2 - Neighbor-side frontage: Unit 201 frontage,Erect required steel/supports and CFS as an approved stable cell; place large internals before its last enclosing return.,A or B,L2-G5 kit; cube TBD,"From the verified front setup, land the remaining far-side frontage group before the near front closes.","High: front reach, neighboring edge and public El Camino frontage.",Far front is complete; near front and core receiving space remain open.,"Check shaft pieces, stair members and front internals fit before closing the near-front return.",A1.2 p18; S1.3 p52,ASSUMED
18,L2 - Jordan-side frontage / core: Unit 200 / stair 02 / elevators,Erect required steel/supports and CFS as an approved stable cell; place large internals before its last enclosing return.,A or B,L2-G6 kit; cube TBD,Complete the front core interfaces and near-side returns last; lower trapped pieces before final closure.,High: shaft/stair interfaces and final crane-delivered wall closure.,Crane-delivered wall groups are complete; no remaining large pieces may depend on closed side access.,"Reconcile every kit; any missing trapped item requires reordering before closure, not improvisation.",A1.2 p18; S1.3 p52,ASSUMED
19,L2 - Residual partitions / closure check,Complete remaining non-loadbearing partitions and connections; verify all lift-dependent components and access closures.,A or B as released,L2-G7 kit; cube TBD,Clear all items that would become trapped under the next deck.,"High: shop-panel inventory, connection access and maintained egress.",All wall groups and pre-deck large internals are reconciled.,Verify no missing panel or connection face will be covered by joists/deck.,A1.2 p18; S1.3 p52,ASSUMED
20,L2 - Overhead framing / floor release,"Complete required joists, blocking, diaphragms and inspections in approved cells; authorize the next working level.",A or B as released,L2-G8 framing kit; cube TBD,Close overhead receiving space only after that cell passes its pre-deck check.,"HOLD: diaphragm/temporary bracing, support reactions, load capacity and deck-system RFI-02.",The receiving route from above is closed in released cells; next deck is an accepted work surface.,Reset crane coverage for the next level; do not advance an unreleased upper story.,A1.2 p18; S1.3 p52,ASSUMED
21,L3 - Neighbor-side rear: Units 306-305 side,Erect required steel/supports and CFS as an approved stable cell; place large internals before its last enclosing return.,A,L3-G1 kit; cube TBD,Start at the far rear with an approved stable corner and returns; no later low-level transfer behind it.,"High: far reach, adjacent property, initial stability and edge protection.",Far rear group is stabilized; middle/front and overhead receiving areas remain open.,Check next group landing and rigging rotation clear of the new rear returns.,A1.3 p19; S1.4 p53,ASSUMED
22,L3 - Neighbor-side middle: Units 304-302 side,Erect required steel/supports and CFS as an approved stable cell; place large internals before its last enclosing return.,A,L3-G2 kit; cube TBD,Continue the far side while the overhead delivery route and central corridor are open.,High: large internal pieces can be trapped by top framing or completed near walls.,Far middle group is stabilized; near middle receiving slot remains open.,Check all large middle-cell internals are installed before its near-side closure.,A1.3 p19; S1.4 p53,ASSUMED
23,L3 - Jordan-side middle: Units 309-310 side,Erect required steel/supports and CFS as an approved stable cell; place large internals before its last enclosing return.,A,L3-G3 kit; cube TBD,Complete the middle near side only after its far-side kit and internal large pieces are in place.,High: connecting faces and long-panel rotation require a verified envelope.,Middle cell is bounded; rear near-side receiving slot remains open.,Check the rear group arrives from above without passing through the completed middle cell.,A1.3 p19; S1.4 p53,ASSUMED
24,L3 - Jordan-side rear: Units 307-308 / stair 01,Erect required steel/supports and CFS as an approved stable cell; place large internals before its last enclosing return.,A,L3-G4 kit; cube TBD,Finish the rear sector before relocation; protect rear equipment routes and stair access.,High: stair/equipment routes; local rear closure only after kit reconciliation.,Rear/middle sector is complete and stable for the planned crane move.,"Verify B setup or A full coverage, public controls and forward cell stability before front lifts.",A1.3 p19; S1.4 p53,ASSUMED
25,L3 - Neighbor-side frontage: Unit 301 frontage,Erect required steel/supports and CFS as an approved stable cell; place large internals before its last enclosing return.,A or B,L3-G5 kit; cube TBD,"From the verified front setup, land the remaining far-side frontage group before the near front closes.","High: front reach, neighboring edge and public El Camino frontage.",Far front is complete; near front and core receiving space remain open.,"Check shaft pieces, stair members and front internals fit before closing the near-front return.",A1.3 p19; S1.4 p53,ASSUMED
26,L3 - Jordan-side frontage / core: Unit 300 / stair 02 / elevators,Erect required steel/supports and CFS as an approved stable cell; place large internals before its last enclosing return.,A or B,L3-G6 kit; cube TBD,Complete the front core interfaces and near-side returns last; lower trapped pieces before final closure.,High: shaft/stair interfaces and final crane-delivered wall closure.,Crane-delivered wall groups are complete; no remaining large pieces may depend on closed side access.,"Reconcile every kit; any missing trapped item requires reordering before closure, not improvisation.",A1.3 p19; S1.4 p53,ASSUMED
27,L3 - Residual partitions / closure check,Complete remaining non-loadbearing partitions and connections; verify all lift-dependent components and access closures.,A or B as released,L3-G7 kit; cube TBD,Clear all items that would become trapped under the next deck.,"High: shop-panel inventory, connection access and maintained egress.",All wall groups and pre-deck large internals are reconciled.,Verify no missing panel or connection face will be covered by joists/deck.,A1.3 p19; S1.4 p53,ASSUMED
28,L3 - Overhead framing / floor release,"Complete required joists, blocking, diaphragms and inspections in approved cells; authorize the next working level.",A or B as released,L3-G8 framing kit; cube TBD,Close overhead receiving space only after that cell passes its pre-deck check.,"HOLD: diaphragm/temporary bracing, support reactions, load capacity and deck-system RFI-02.",The receiving route from above is closed in released cells; next deck is an accepted work surface.,Reset crane coverage for the next level; do not advance an unreleased upper story.,A1.3 p19; S1.4 p53,ASSUMED
29,L4 - Neighbor-side rear: Units 406-405 side,Erect required steel/supports and CFS as an approved stable cell; place large internals before its last enclosing return.,A,L4-G1 kit; cube TBD,Start at the far rear with an approved stable corner and returns; no later low-level transfer behind it.,"High: far reach, adjacent property, initial stability and edge protection.",Far rear group is stabilized; middle/front and overhead receiving areas remain open.,Check next group landing and rigging rotation clear of the new rear returns.,A1.4 p20; S1.5 p54,ASSUMED
30,L4 - Neighbor-side middle: Units 404-402 side,Erect required steel/supports and CFS as an approved stable cell; place large internals before its last enclosing return.,A,L4-G2 kit; cube TBD,Continue the far side while the overhead delivery route and central corridor are open.,High: large internal pieces can be trapped by top framing or completed near walls.,Far middle group is stabilized; near middle receiving slot remains open.,Check all large middle-cell internals are installed before its near-side closure.,A1.4 p20; S1.5 p54,ASSUMED
31,L4 - Jordan-side middle: Units 409-410 side,Erect required steel/supports and CFS as an approved stable cell; place large internals before its last enclosing return.,A,L4-G3 kit; cube TBD,Complete the middle near side only after its far-side kit and internal large pieces are in place.,High: connecting faces and long-panel rotation require a verified envelope.,Middle cell is bounded; rear near-side receiving slot remains open.,Check the rear group arrives from above without passing through the completed middle cell.,A1.4 p20; S1.5 p54,ASSUMED
32,L4 - Jordan-side rear: Units 407-408 / stair 01,Erect required steel/supports and CFS as an approved stable cell; place large internals before its last enclosing return.,A,L4-G4 kit; cube TBD,Finish the rear sector before relocation; protect rear equipment routes and stair access.,High: stair/equipment routes; local rear closure only after kit reconciliation.,Rear/middle sector is complete and stable for the planned crane move.,"Verify B setup or A full coverage, public controls and forward cell stability before front lifts.",A1.4 p20; S1.5 p54,ASSUMED
33,L4 - Neighbor-side frontage: Unit 401 frontage,Erect required steel/supports and CFS as an approved stable cell; place large internals before its last enclosing return.,A or B,L4-G5 kit; cube TBD,"From the verified front setup, land the remaining far-side frontage group before the near front closes.","High: front reach, neighboring edge and public El Camino frontage.",Far front is complete; near front and core receiving space remain open.,"Check shaft pieces, stair members and front internals fit before closing the near-front return.",A1.4 p20; S1.5 p54,ASSUMED
34,L4 - Jordan-side frontage / core: Unit 400 / stair 02 / elevators,Erect required steel/supports and CFS as an approved stable cell; place large internals before its last enclosing return.,A or B,L4-G6 kit; cube TBD,Complete the front core interfaces and near-side returns last; lower trapped pieces before final closure.,High: shaft/stair interfaces and final crane-delivered wall closure.,Crane-delivered wall groups are complete; no remaining large pieces may depend on closed side access.,"Reconcile every kit; any missing trapped item requires reordering before closure, not improvisation.",A1.4 p20; S1.5 p54,ASSUMED
35,L4 - Residual partitions / closure check,Complete remaining non-loadbearing partitions and connections; verify all lift-dependent components and access closures.,A or B as released,L4-G7 kit; cube TBD,Clear all items that would become trapped under the next deck.,"High: shop-panel inventory, connection access and maintained egress.",All wall groups and pre-deck large internals are reconciled.,Verify no missing panel or connection face will be covered by joists/deck.,A1.4 p20; S1.5 p54,ASSUMED
36,L4 - Overhead framing / floor release,"Complete required joists, blocking, diaphragms and inspections in approved cells; authorize the next working level.",A or B as released,L4-G8 framing kit; cube TBD,Close overhead receiving space only after that cell passes its pre-deck check.,"HOLD: diaphragm/temporary bracing, support reactions, load capacity and deck-system RFI-02.",The receiving route from above is closed in released cells; next deck is an accepted work surface.,Reset crane coverage for the next level; do not advance an unreleased upper story.,A1.4 p20; S1.5 p54,ASSUMED
37,L5 - Neighbor-side rear: Units 506-505 side,Erect required steel/supports and CFS as an approved stable cell; place large internals before its last enclosing return.,A,L5-G1 kit; cube TBD,Start at the far rear with an approved stable corner and returns; no later low-level transfer behind it.,"High: far reach, adjacent property, initial stability and edge protection.",Far rear group is stabilized; middle/front and overhead receiving areas remain open.,Check next group landing and rigging rotation clear of the new rear returns.,A1.5 p21; S1.6 p55,ASSUMED
38,L5 - Neighbor-side middle: Units 504-502 side,Erect required steel/supports and CFS as an approved stable cell; place large internals before its last enclosing return.,A,L5-G2 kit; cube TBD,Continue the far side while the overhead delivery route and central corridor are open.,High: large internal pieces can be trapped by top framing or completed near walls.,Far middle group is stabilized; near middle receiving slot remains open.,Check all large middle-cell internals are installed before its near-side closure.,A1.5 p21; S1.6 p55,ASSUMED
39,L5 - Jordan-side middle: Units 509-510 side,Erect required steel/supports and CFS as an approved stable cell; place large internals before its last enclosing return.,A,L5-G3 kit; cube TBD,Complete the middle near side only after its far-side kit and internal large pieces are in place.,High: connecting faces and long-panel rotation require a verified envelope.,Middle cell is bounded; rear near-side receiving slot remains open.,Check the rear group arrives from above without passing through the completed middle cell.,A1.5 p21; S1.6 p55,ASSUMED
40,L5 - Jordan-side rear: Units 507-508 / stair 01,Erect required steel/supports and CFS as an approved stable cell; place large internals before its last enclosing return.,A,L5-G4 kit; cube TBD,Finish the rear sector before relocation; protect rear equipment routes and stair access.,High: stair/equipment routes; local rear closure only after kit reconciliation.,Rear/middle sector is complete and stable for the planned crane move.,"Verify B setup or A full coverage, public controls and forward cell stability before front lifts.",A1.5 p21; S1.6 p55,ASSUMED
41,L5 - Neighbor-side frontage: Unit 501 frontage,Erect required steel/supports and CFS as an approved stable cell; place large internals before its last enclosing return.,A or B,L5-G5 kit; cube TBD,"From the verified front setup, land the remaining far-side frontage group before the near front closes.","High: front reach, neighboring edge and public El Camino frontage.",Far front is complete; near front and core receiving space remain open.,"Check shaft pieces, stair members and front internals fit before closing the near-front return.",A1.5 p21; S1.6 p55,ASSUMED
42,L5 - Jordan-side frontage / core: Unit 500 / stair 02 / elevators,Erect required steel/supports and CFS as an approved stable cell; place large internals before its last enclosing return.,A or B,L5-G6 kit; cube TBD,Complete the front core interfaces and near-side returns last; lower trapped pieces before final closure.,High: shaft/stair interfaces and final crane-delivered wall closure.,Crane-delivered wall groups are complete; no remaining large pieces may depend on closed side access.,"Reconcile every kit; any missing trapped item requires reordering before closure, not improvisation.",A1.5 p21; S1.6 p55,ASSUMED
43,L5 - Residual partitions / closure check,Complete remaining non-loadbearing partitions and connections; verify all lift-dependent components and access closures.,A or B as released,L5-G7 kit; cube TBD,Clear all items that would become trapped under the next deck.,"High: shop-panel inventory, connection access and maintained egress.",All wall groups and pre-deck large internals are reconciled.,Verify no missing panel or connection face will be covered by joists/deck.,A1.5 p21; S1.6 p55,ASSUMED
44,L5 - Overhead framing / floor release,"Complete required joists, blocking, diaphragms and inspections in approved cells; authorize the next working level.",A or B as released,L5-G8 framing kit; cube TBD,Close overhead receiving space only after that cell passes its pre-deck check.,"HOLD: diaphragm/temporary bracing, support reactions, load capacity and deck-system RFI-02.",The receiving route from above is closed in released cells; next deck is an accepted work surface.,Reset crane coverage for the next level; do not advance an unreleased upper story.,A1.5 p21; S1.6 p55,ASSUMED
45,L6 - Neighbor-side rear: Units 606-605 side,Erect required steel/supports and CFS as an approved stable cell; place large internals before its last enclosing return.,A,L6-G1 kit; cube TBD,Start at the far rear with an approved stable corner and returns; no later low-level transfer behind it.,"High: far reach, adjacent property, initial stability and edge protection.",Far rear group is stabilized; middle/front and overhead receiving areas remain open.,Check next group landing and rigging rotation clear of the new rear returns.,A1.6 p22; S1.7 p56,ASSUMED
46,L6 - Neighbor-side middle: Units 604-602 side,Erect required steel/supports and CFS as an approved stable cell; place large internals before its last enclosing return.,A,L6-G2 kit; cube TBD,Continue the far side while the overhead delivery route and central corridor are open.,High: large internal pieces can be trapped by top framing or completed near walls.,Far middle group is stabilized; near middle receiving slot remains open.,Check all large middle-cell internals are installed before its near-side closure.,A1.6 p22; S1.7 p56,ASSUMED
47,L6 - Jordan-side middle: Units 609-610 side,Erect required steel/supports and CFS as an approved stable cell; place large internals before its last enclosing return.,A,L6-G3 kit; cube TBD,Complete the middle near side only after its far-side kit and internal large pieces are in place.,High: connecting faces and long-panel rotation require a verified envelope.,Middle cell is bounded; rear near-side receiving slot remains open.,Check the rear group arrives from above without passing through the completed middle cell.,A1.6 p22; S1.7 p56,ASSUMED
48,L6 - Jordan-side rear: Units 607-608 / stair 01,Erect required steel/supports and CFS as an approved stable cell; place large internals before its last enclosing return.,A,L6-G4 kit; cube TBD,Finish the rear sector before relocation; protect rear equipment routes and stair access.,High: stair/equipment routes; local rear closure only after kit reconciliation.,Rear/middle sector is complete and stable for the planned crane move.,"Verify B setup or A full coverage, public controls and forward cell stability before front lifts.",A1.6 p22; S1.7 p56,ASSUMED
49,L6 - Neighbor-side frontage: Unit 601 frontage,Erect required steel/supports and CFS as an approved stable cell; place large internals before its last enclosing return.,A or B,L6-G5 kit; cube TBD,"From the verified front setup, land the remaining far-side frontage group before the near front closes.","High: front reach, neighboring edge and public El Camino frontage.",Far front is complete; near front and core receiving space remain open.,"Check shaft pieces, stair members and front internals fit before closing the near-front return.",A1.6 p22; S1.7 p56,ASSUMED
50,L6 - Jordan-side frontage / core: Unit 600 / stair 02 / elevators,Erect required steel/supports and CFS as an approved stable cell; place large internals before its last enclosing return.,A or B,L6-G6 kit; cube TBD,Complete the front core interfaces and near-side returns last; lower trapped pieces before final closure.,High: shaft/stair interfaces and final crane-delivered wall closure.,Crane-delivered wall groups are complete; no remaining large pieces may depend on closed side access.,"Reconcile every kit; any missing trapped item requires reordering before closure, not improvisation.",A1.6 p22; S1.7 p56,ASSUMED
51,L6 - Residual partitions / closure check,Complete remaining non-loadbearing partitions and connections; verify all lift-dependent components and access closures.,A or B as released,L6-G7 kit; cube TBD,Clear all items that would become trapped under the next deck.,"High: shop-panel inventory, connection access and maintained egress.",All wall groups and pre-deck large internals are reconciled.,Verify no missing panel or connection face will be covered by joists/deck.,A1.6 p22; S1.7 p56,ASSUMED
52,L6 - Overhead framing / floor release,"Complete required joists, blocking, diaphragms and inspections in approved cells; authorize the next working level.",A or B as released,L6-G8 framing kit; cube TBD,Close overhead receiving space only after that cell passes its pre-deck check.,"HOLD: diaphragm/temporary bracing, support reactions, load capacity and deck-system RFI-02.",The receiving route from above is closed in released cells; next deck is an accepted work surface.,Reset crane coverage for the next level; do not advance an unreleased upper story.,A1.6 p22; S1.7 p56,ASSUMED
53,L7 - Neighbor-side rear: Units 706-705 side,Erect required steel/supports and CFS as an approved stable cell; place large internals before its last enclosing return.,A,L7-G1 kit; cube TBD,Start at the far rear with an approved stable corner and returns; no later low-level transfer behind it.,"High: far reach, adjacent property, initial stability and edge protection.",Far rear group is stabilized; middle/front and overhead receiving areas remain open.,Check next group landing and rigging rotation clear of the new rear returns.,A1.7 p23; S1.8 p57,ASSUMED
54,L7 - Neighbor-side middle: Units 704-702 side,Erect required steel/supports and CFS as an approved stable cell; place large internals before its last enclosing return.,A,L7-G2 kit; cube TBD,Continue the far side while the overhead delivery route and central corridor are open.,High: large internal pieces can be trapped by top framing or completed near walls.,Far middle group is stabilized; near middle receiving slot remains open.,Check all large middle-cell internals are installed before its near-side closure.,A1.7 p23; S1.8 p57,ASSUMED
55,L7 - Jordan-side middle: Units 709-710 side,Erect required steel/supports and CFS as an approved stable cell; place large internals before its last enclosing return.,A,L7-G3 kit; cube TBD,Complete the middle near side only after its far-side kit and internal large pieces are in place.,High: connecting faces and long-panel rotation require a verified envelope.,Middle cell is bounded; rear near-side receiving slot remains open.,Check the rear group arrives from above without passing through the completed middle cell.,A1.7 p23; S1.8 p57,ASSUMED
56,L7 - Jordan-side rear: Units 707-708 / stair 01,Erect required steel/supports and CFS as an approved stable cell; place large internals before its last enclosing return.,A,L7-G4 kit; cube TBD,Finish the rear sector before relocation; protect rear equipment routes and stair access.,High: stair/equipment routes; local rear closure only after kit reconciliation.,Rear/middle sector is complete and stable for the planned crane move.,"Verify B setup or A full coverage, public controls and forward cell stability before front lifts.",A1.7 p23; S1.8 p57,ASSUMED
57,L7 - Neighbor-side frontage: Unit 701 frontage,Erect required steel/supports and CFS as an approved stable cell; place large internals before its last enclosing return.,A or B,L7-G5 kit; cube TBD,"From the verified front setup, land the remaining far-side frontage group before the near front closes.","High: front reach, neighboring edge and public El Camino frontage.",Far front is complete; near front and core receiving space remain open.,"Check shaft pieces, stair members and front internals fit before closing the near-front return.",A1.7 p23; S1.8 p57,ASSUMED
58,L7 - Jordan-side frontage / core: Unit 700 / stair 02 / elevators,Erect required steel/supports and CFS as an approved stable cell; place large internals before its last enclosing return.,A or B,L7-G6 kit; cube TBD,Complete the front core interfaces and near-side returns last; lower trapped pieces before final closure.,High: shaft/stair interfaces and final crane-delivered wall closure.,Crane-delivered wall groups are complete; no remaining large pieces may depend on closed side access.,"Reconcile every kit; any missing trapped item requires reordering before closure, not improvisation.",A1.7 p23; S1.8 p57,ASSUMED
59,L7 - Residual partitions / closure check,Complete remaining non-loadbearing partitions and connections; verify all lift-dependent components and access closures.,A or B as released,L7-G7 kit; cube TBD,Clear all items that would become trapped under the next deck.,"High: shop-panel inventory, connection access and maintained egress.",All wall groups and pre-deck large internals are reconciled.,Verify no missing panel or connection face will be covered by joists/deck.,A1.7 p23; S1.8 p57,ASSUMED
60,L7 - Overhead framing / floor release,"Complete required joists, blocking, diaphragms and inspections in approved cells; authorize the next working level.",A or B as released,L7-G8 framing kit; cube TBD,Close overhead receiving space only after that cell passes its pre-deck check.,"HOLD: diaphragm/temporary bracing, support reactions, load capacity and deck-system RFI-02.",The receiving route from above is closed in released cells; next deck is an accepted work surface.,Reset crane coverage for the next level; do not advance an unreleased upper story.,A1.7 p23; S1.8 p57,ASSUMED
61,L8 - Neighbor-side rear: Units 806-805 side,Erect required steel/supports and CFS as an approved stable cell; place large internals before its last enclosing return.,A,L8-G1 kit; cube TBD,Start at the far rear with an approved stable corner and returns; no later low-level transfer behind it.,"High: far reach, adjacent property, initial stability and edge protection. L8 HOLD RFI-01.",Far rear group is stabilized; middle/front and overhead receiving areas remain open.,Check next group landing and rigging rotation clear of the new rear returns.,A1.8 p24; RFI-01: L8 structural mapping unresolved,ASSUMED
62,L8 - Neighbor-side middle: Units 804-802 side,Erect required steel/supports and CFS as an approved stable cell; place large internals before its last enclosing return.,A,L8-G2 kit; cube TBD,Continue the far side while the overhead delivery route and central corridor are open.,High: large internal pieces can be trapped by top framing or completed near walls. L8 HOLD RFI-01.,Far middle group is stabilized; near middle receiving slot remains open.,Check all large middle-cell internals are installed before its near-side closure.,A1.8 p24; RFI-01: L8 structural mapping unresolved,ASSUMED
63,L8 - Jordan-side middle: Units 809-810 side,Erect required steel/supports and CFS as an approved stable cell; place large internals before its last enclosing return.,A,L8-G3 kit; cube TBD,Complete the middle near side only after its far-side kit and internal large pieces are in place.,High: connecting faces and long-panel rotation require a verified envelope. L8 HOLD RFI-01.,Middle cell is bounded; rear near-side receiving slot remains open.,Check the rear group arrives from above without passing through the completed middle cell.,A1.8 p24; RFI-01: L8 structural mapping unresolved,ASSUMED
64,L8 - Jordan-side rear: Units 807-808 / stair 01,Erect required steel/supports and CFS as an approved stable cell; place large internals before its last enclosing return.,A,L8-G4 kit; cube TBD,Finish the rear sector before relocation; protect rear equipment routes and stair access.,High: stair/equipment routes; local rear closure only after kit reconciliation. L8 HOLD RFI-01.,Rear/middle sector is complete and stable for the planned crane move.,"Verify B setup or A full coverage, public controls and forward cell stability before front lifts.",A1.8 p24; RFI-01: L8 structural mapping unresolved,ASSUMED
65,L8 - Neighbor-side frontage: Unit 801 frontage,Erect required steel/supports and CFS as an approved stable cell; place large internals before its last enclosing return.,A or B,L8-G5 kit; cube TBD,"From the verified front setup, land the remaining far-side frontage group before the near front closes.","High: front reach, neighboring edge and public El Camino frontage. L8 HOLD RFI-01.",Far front is complete; near front and core receiving space remain open.,"Check shaft pieces, stair members and front internals fit before closing the near-front return.",A1.8 p24; RFI-01: L8 structural mapping unresolved,ASSUMED
66,L8 - Jordan-side frontage / core: Unit 800 / stair 02 / elevators,Erect required steel/supports and CFS as an approved stable cell; place large internals before its last enclosing return.,A or B,L8-G6 kit; cube TBD,Complete the front core interfaces and near-side returns last; lower trapped pieces before final closure.,High: shaft/stair interfaces and final crane-delivered wall closure. L8 HOLD RFI-01.,Crane-delivered wall groups are complete; no remaining large pieces may depend on closed side access.,"Reconcile every kit; any missing trapped item requires reordering before closure, not improvisation.",A1.8 p24; RFI-01: L8 structural mapping unresolved,ASSUMED
67,L8 - Residual partitions / closure check,Complete remaining non-loadbearing partitions and connections; verify all lift-dependent components and access closures.,A or B as released,L8-G7 kit; cube TBD,Clear all items that would become trapped under the next deck.,"High: shop-panel inventory, connection access and maintained egress.",All wall groups and pre-deck large internals are reconciled.,Verify no missing panel or connection face will be covered by joists/deck.,A1.8 p24; RFI-01: L8 structural mapping unresolved,ASSUMED
68,L8 - Overhead framing / floor release,"Complete required joists, blocking, diaphragms and inspections in approved cells; authorize the next working level.",A or B as released,L8-G8 framing kit; cube TBD,Close overhead receiving space only after that cell passes its pre-deck check.,"HOLD: diaphragm/temporary bracing, support reactions, load capacity and deck-system RFI-02.",The receiving route from above is closed in released cells; next deck is an accepted work surface.,Reset crane coverage for the next level; do not advance an unreleased upper story.,A1.8 p24; RFI-01: L8 structural mapping unresolved,ASSUMED
69,Roof support and deck acceptance,"Accept the L8-to-roof structure, falls, penetrations and storage limits.",None until accepted,Engineering release,The roof may only be used after structural and loading acceptance.,HOLD RFI-01 / RFI-02; elevations and support mapping.,Roof is released for the planned construction loads.,Confirm upstand and equipment supports match the coordinated roof layout.,A1.9-A1.10 pp25-26; A4.1 p33; S1.9 p58; M2.8 p128,ASSUMED
70,Rear stair 01 headhouse,Erect approved stair 01 upstand walls and overhead framing; keep the stair route protected.,A,Roof G2 kit,Complete the rear vertical termination before restricting its lifting access.,High: edge work and incomplete headhouse stability.,Rear headhouse is stable; equipment landing zones remain available.,Verify the front headhouse can be approached without crossing occupied areas.,A1.9-A1.10 pp25-26; A4.1 p33; S1.9 p58; M2.8 p128,ASSUMED
71,Front stair 02 / elevator headhouse,Erect the front headhouse and elevator overrun structure with vendor coordination.,A or B,Roof G3 kit,Respect the highest erection level and unresolved equipment interfaces.,High: maximum hook height and elevator steel/rigging interfaces.,Both vertical terminations are coordinated; roof equipment routes remain open.,Verify largest equipment package and the crane envelope at maximum height.,A1.9-A1.10 pp25-26; A4.1 p33; S1.9 p58; M2.8 p128,ASSUMED
72,Roof equipment / large assemblies,Land agreed large equipment and PV assemblies on approved supports in the vendor sequence.,A or B,Vendor packages,Avoid trapping roof equipment behind permanent screens or final crane demobilization.,"HOLD: weights, supports, rigging and vendor lifting instructions.",Large roof deliveries are complete and secured.,Reconcile all equipment before screen and parapet closure.,A1.9-A1.10 pp25-26; A4.1 p33; S1.9 p58; M2.8 p128,ASSUMED
73,Final parapets / screens / canopies,"Complete remaining parapets, screens and exterior canopy packages after route reconciliation.",A or B,Roof G5 kit,Make final closure only after all required large roof packages are in place.,High: wind area and edge lifts; do not defer required fall protection.,Final permanent closures are complete; protected personnel egress remains.,"Verify every remaining lift, temporary support and access restoration obligation.",A1.9-A1.10 pp25-26; A4.1 p33; S1.9 p58; M2.8 p128,ASSUMED
74,Final release and demobilization,Inspect connections and weather protection; remove temporary works only under approved release; restore ROW.,Released demobilization,None,End crane use only when all scheduled lifts and dependent work are accepted.,HOLD: engineer/GC release; incomplete lifts or temporary support removal.,Erection coordination scope is closed after acceptance.,Record as-built deviations and hand over to follow-on trades.,A1.9-A1.10 pp25-26; A4.1 p33; S1.9 p58; M2.8 p128,ASSUMED
